,Net Returns,Sharpe Ratio
0,-23.818947398384125,-0.031214930318116618
